{"song_time": [5.24027419090271, 8.624799728393555, 2.2050604820251465, 6.502971887588501, 3.24369215965271, 4.541640043258667, 3.1474547386169434, 4.211549282073975, 3.6906354427337646, 2.9543538093566895, 3.088705062866211, 4.51375150680542, 8.716208219528198, 6.083001136779785, 7.386472702026367, 3.1194422245025635, 3.7584950923919678, 3.1992692947387695, 4.937340021133423, 3.354771852493286, 5.474386930465698, 2.9718806743621826, 1.8002216815948486, 4.675323247909546, 4.465233325958252, 3.534108877182007, 3.423912525177002, 6.505727052688599, 7.803494691848755, 2.9058735370635986, 3.668726682662964, 6.527665853500366, 3.9803667068481445, 3.9895403385162354, 3.3409409523010254, 8.032589197158813, 3.0957398414611816, 3.7236528396606445, 2.5631215572357178, 4.217665195465088, 3.5805537700653076, 3.443713426589966, 4.087969779968262, 6.716822624206543, 3.9245471954345703, 10.77039885520935, 5.473945617675781, 4.413151264190674, 6.591259241104126, 4.202965021133423, 4.067005157470703, 5.364962339401245, 3.5297515392303467, 6.512136459350586, 4.348240613937378, 3.7503063678741455, 7.81147837638855, 4.041842937469482, 3.617117166519165, 7.26394248008728, 3.8574907779693604, 4.008760213851929, 2.988656997680664, 9.242516040802002, 2.947448968887329, 3.513535499572754, 2.5115036964416504, 2.836160182952881, 4.496539115905762, 3.290339231491089, 6.841977119445801, 3.263134717941284, 3.5355916023254395, 2.3894176483154297, 2.8276596069335938], "words_len_list": [342, 577, 145, 434, 216, 303, 210, 281, 246, 197, 206, 301, 582, 406, 493, 206, 250, 213, 329, 223, 365, 198, 120, 312, 298, 236, 222, 429, 519, 192, 243, 435, 265, 266, 221, 535, 206, 248, 171, 281, 239, 230, 272, 445, 261, 718, 365, 294, 439, 280, 271, 357, 235, 434, 290, 246, 520, 269, 241, 484, 257, 267, 199, 616, 197, 234, 167, 189, 297, 219, 455, 218, 241, 163, 193], "ave token time:": 66.58405636731744, "ave song time": 4.550438696543376}